{
    "posts": [
        {
            "id": 0,
            "title": "Post 1",
            "content": "Content 1"
        },
        {
            "id": 1,
            "title": "Post 2",
            "content": "Content 2"
        },
        {
            "id": 2,
            "title": "Post 3",
            "content": "Content 3"
        },
        {
            "id": 3,
            "title": "Post 4",
            "content": "Content 4"
        },
        {
            "id": 4,
            "title": "Post 5",
            "content": "Content 5"
        },
        {
            "id": 5,
            "title": "Post 6",
            "content": "Content 6"
        },
        {
            "id": 6,
            "title": "Post 7",
            "content": "Content 7"
        },
        {
            "id": 7,
            "title": "Post 8",
            "content": "Content 8"
        },
        {
            "id": 8,
            "title": "Post 9",
            "content": "Content 9"
        },
        {
            "id": 9,
            "title": "Post 10",
            "content": "Content 10"
        },
        {
            "id": 10,
            "title": "Post 11",
            "content": "Content 11"
        },
        {
            "id": 11,
            "title": "Post 12",
            "content": "Content 12"
        }
    ],
    "comments": [
        {
            "id": 0,
            "postId": 0,
            "content": "Comment 1"
        },
        {
            "id": 1,
            "postId": 0,
            "content": "Comment 2"
        },
        {
            "id": 2,
            "postId": 1,
            "content": "Comment 3"
        },
        {
            "id": 3,
            "postId": 1,
            "content": "Comment 4"
        },
        {
            "id": 4,
            "postId": 2,
            "content": "Comment 5"
        },
        {
            "id": 5,
            "postId": 2,
            "content": "Comment 6"
        },
        {
            "id": 6,
            "postId": 3,
            "content": "Comment 7"
        },
        {
            "id": 7,
            "postId": 3,
            "content": "Comment 8"
        },
        {
            "id": 8,
            "postId": 3,
            "content": "Comment 9"
        },
        {
            "id": 9,
            "postId": 4,
            "content": "Comment 10"
        },
        {
            "id": 10,
            "postId": 4,
            "content": "Comment 11"
        }
    ]
}
